Metric - Query Contribution,
-5.335853793867775,
-3.5545875033139547,
-11.948008601887187,
-0.99165537785324,
-1.2291690628431535,
-1.3736397542307646,
-1.6993758790214812,
-1.7077107667864813,
-7.5026151580612765,
-3.7385210830341595,



-3.908113698089948,