Metric - Query Contribution,
-5.583475432332395,
-4.9316452546316,
-2.0384395759537726,
-6.659196690641186,
-3.298350918621166,
-3.2975621125700236,
-3.010571664938646,
-2.712341418629277,
-3.248740634080758,
-2.164655886363174,



-3.6944979588761995,